sec,cpu_temp,cpu_pwr,prochot,pl1,npu_temp,npu_pwr,cpu_joules,npu_joules
1,73.5,66.75,0.0,0.0,57.1,15.6,66.8,15.6
2,75.1,68.23,0.0,0.0,57.2,15.58,135.0,31.2
3,76.7,69.19,0.0,0.0,57.3,15.56,204.2,46.7
4,78.2,69.5,0.0,0.0,57.4,15.54,273.7,62.3
5,79.8,69.09,0.0,0.0,57.4,15.5,342.8,77.8
6,81.3,68.04,0.0,0.0,57.5,15.46,410.8,93.2
7,82.8,66.51,0.0,0.0,57.6,15.41,477.3,108.7
8,84.4,64.74,0.0,0.0,57.7,15.36,542.0,124.0
9,86.0,63.01,0.0,0.0,57.8,15.3,605.1,139.3
10,87.5,61.59,0.0,0.0,57.9,15.23,666.7,154.5
11,89.0,60.72,0.0,0.0,57.9,15.16,727.4,169.7
12,90.6,60.52,0.0,0.0,58.0,15.09,787.9,184.8
13,92.2,61.02,0.0,0.0,58.1,15.01,848.9,199.8
14,93.7,62.16,0.0,0.0,58.2,14.94,911.1,214.7
15,95.2,63.74,0.0,0.0,58.2,14.86,974.8,229.6
16,96.8,65.52,0.0,0.0,58.3,14.78,1040.3,244.4
17,98.3,67.22,0.0,0.0,58.4,14.7,1107.6,259.1
18,99.9,68.57,0.0,0.0,58.4,14.62,1176.1,273.7
19,101.5,69.36,1.0,0.0,58.5,14.54,1245.5,288.2
20,103.0,69.45,1.0,0.0,58.5,14.47,1314.9,302.7
21,101.2,69.7,1.0,1.0,58.6,14.4,1384.6,317.1
22,101.1,69.54,1.0,1.0,58.6,14.33,1454.2,331.4
23,102.1,69.11,1.0,1.0,58.6,14.27,1523.3,345.7
24,103.7,68.45,1.0,1.0,58.7,14.21,1591.7,359.9
25,104.8,67.61,1.0,1.0,58.7,14.16,1659.3,374.1
26,104.9,66.67,1.0,1.0,58.7,14.11,1726.0,388.2
27,103.8,65.72,1.0,1.0,58.8,14.08,1791.7,402.3
28,102.2,64.84,1.0,1.0,58.8,14.05,1856.6,416.3
29,101.1,64.1,1.0,1.0,58.8,14.02,1920.7,430.3
30,101.2,63.58,1.0,1.0,58.8,14.01,1984.3,444.3
31,102.3,63.32,1.0,1.0,58.8,14.0,2047.6,458.3
32,103.9,63.35,1.0,1.0,58.8,14.0,2110.9,472.3
33,104.9,63.65,1.0,1.0,58.8,14.01,2174.6,486.3
34,104.8,64.21,1.0,1.0,58.8,14.03,2238.8,500.4
35,103.5,64.98,1.0,1.0,58.8,14.05,2303.8,514.4
36,102.0,65.88,1.0,1.0,58.8,14.08,2369.7,528.5
37,101.1,66.83,1.0,1.0,58.7,14.12,2436.5,542.6
38,101.3,67.76,1.0,1.0,58.7,14.17,2504.3,556.8
39,102.6,68.57,1.0,1.0,58.7,14.22,2572.8,571.0
40,104.1,69.2,1.0,1.0,58.6,14.28,2642.0,585.3
41,105.0,69.59,1.0,1.0,58.6,14.34,2711.6,599.6
42,104.6,69.7,1.0,1.0,58.6,14.41,2781.3,614.0
43,103.3,69.52,1.0,1.0,58.5,14.48,2850.8,628.5
44,101.8,69.08,1.0,1.0,58.5,14.55,2919.9,643.1
45,101.0,68.4,1.0,1.0,58.4,14.63,2988.3,657.7
46,101.4,67.56,1.0,1.0,58.3,14.71,3055.9,672.4
47,102.8,66.62,1.0,1.0,58.3,14.79,3122.5,687.2
48,104.3,65.67,1.0,1.0,58.2,14.87,3188.2,702.1
49,105.0,64.79,1.0,1.0,58.1,14.95,3253.0,717.0
50,104.5,64.07,1.0,1.0,58.1,15.03,3317.0,732.0
51,103.1,63.56,1.0,1.0,58.0,15.1,3380.6,747.2
52,101.6,63.32,1.0,1.0,57.9,15.17,3443.9,762.3
53,101.0,63.36,1.0,1.0,57.8,15.24,3507.3,777.6
54,101.6,63.68,1.0,1.0,57.8,15.31,3571.0,792.9
55,103.0,64.25,1.0,1.0,57.7,15.37,3635.2,808.2
56,104.5,65.03,1.0,1.0,57.6,15.42,3700.2,823.7
57,105.0,65.93,1.0,1.0,57.5,15.47,3766.2,839.1
58,104.3,66.89,1.0,1.0,57.4,15.51,3833.0,854.6
59,102.8,67.81,1.0,1.0,57.3,15.54,3900.9,870.2
60,101.5,68.61,1.0,1.0,57.3,15.57,3969.5,885.8
61,101.0,69.23,1.0,1.0,57.2,15.59,4038.7,901.3
62,101.8,69.6,1.0,1.0,57.1,15.6,4108.3,916.9
63,103.3,69.7,1.0,1.0,57.0,15.6,4178.0,932.5
64,104.6,69.51,1.0,1.0,56.9,15.59,4247.5,948.1
65,105.0,69.05,1.0,1.0,56.8,15.58,4316.5,963.7
66,90.7,49.98,0.0,1.0,56.7,15.56,4366.5,979.3
67,89.9,50.35,0.0,1.0,56.6,15.53,4416.9,994.8
68,89.1,50.65,0.0,1.0,56.5,15.5,4467.5,1010.3
69,88.2,50.86,0.0,1.0,56.5,15.45,4518.4,1025.7
70,87.4,50.98,0.0,1.0,56.4,15.4,4569.4,1041.2
71,86.7,51.0,0.0,1.0,56.3,15.35,4620.4,1056.5
72,86.2,50.91,1.0,1.0,56.2,15.29,4671.3,1071.8
73,86.0,50.74,0.0,1.0,56.1,15.22,4722.0,1087.0
74,86.1,50.47,0.0,1.0,56.0,15.15,4772.5,1102.2
75,86.4,50.13,0.0,1.0,56.0,15.08,4822.6,1117.2
76,86.9,49.72,0.0,1.0,55.9,15.0,4872.3,1132.2
77,87.7,49.26,0.0,1.0,55.8,14.92,4921.6,1147.2
78,88.5,48.77,0.0,1.0,55.8,14.84,4970.3,1162.0
79,89.4,48.27,0.0,1.0,55.7,14.76,5018.6,1176.8
80,90.3,47.78,0.0,1.0,55.6,14.68,5066.4,1191.5
81,91.0,47.32,0.0,1.0,55.6,14.61,5113.7,1206.1
82,91.6,46.9,0.0,1.0,55.5,14.53,5160.6,1220.6
83,91.9,46.55,0.0,1.0,55.5,14.45,5207.2,1235.0
84,92.0,46.28,0.0,1.0,55.4,14.38,5253.5,1249.4
85,91.8,46.1,0.0,1.0,55.4,14.32,5299.6,1263.7
86,91.4,46.01,0.0,1.0,55.4,14.26,5345.6,1278.0
87,90.7,46.02,0.0,1.0,55.3,14.2,5391.6,1292.2
88,89.9,46.13,0.0,1.0,55.3,14.15,5437.7,1306.4
89,89.0,46.33,0.0,1.0,55.3,14.11,5484.0,1320.5
90,88.1,46.62,1.0,1.0,55.2,14.07,5530.7,1334.5
91,87.3,46.99,0.0,1.0,55.2,14.04,5577.6,1348.6
92,86.7,47.41,0.0,1.0,55.2,14.02,5625.1,1362.6
93,86.2,47.88,0.0,1.0,55.2,14.01,5672.9,1376.6
94,86.0,48.38,0.0,1.0,55.2,14.0,5721.3,1390.6
95,86.1,48.87,0.0,1.0,55.2,14.0,5770.2,1404.6
96,86.4,49.36,0.0,1.0,55.2,14.01,5819.6,1418.6
97,87.0,49.81,0.0,1.0,55.2,14.03,5869.4,1432.6
98,87.7,50.2,0.0,1.0,55.2,14.06,5919.6,1446.7
99,88.6,50.53,0.0,1.0,55.3,14.09,5970.1,1460.8
100,89.5,50.78,0.0,1.0,55.3,14.13,6020.9,1474.9
101,90.3,50.94,0.0,1.0,55.3,14.18,6071.8,1489.1
102,91.1,51.0,0.0,1.0,55.3,14.23,6122.8,1503.3
103,91.6,50.96,0.0,1.0,55.4,14.29,6173.8,1517.6
104,91.9,50.82,0.0,1.0,55.4,14.35,6224.6,1532.0
105,92.0,50.59,0.0,1.0,55.5,14.42,6275.2,1546.4
106,91.8,50.28,0.0,1.0,55.5,14.49,6325.5,1560.9
107,91.3,49.89,0.0,1.0,55.6,14.57,6375.4,1575.4
108,90.7,49.45,1.0,1.0,55.6,14.64,6424.8,1590.1
109,89.8,48.97,0.0,1.0,55.7,14.72,6473.8,1604.8
110,89.0,48.48,0.0,1.0,55.7,14.8,6522.3,1619.6
111,88.1,47.98,0.0,1.0,55.8,14.88,6570.3,1634.5
112,87.3,47.51,0.0,1.0,55.9,14.96,6617.8,1649.5
113,86.6,47.07,0.0,1.0,55.9,15.04,6664.8,1664.5
114,86.2,46.69,0.0,1.0,56.0,15.11,6711.5,1679.6
115,86.0,46.38,0.0,1.0,56.1,15.19,6757.9,1694.8
116,86.1,46.16,0.0,1.0,56.2,15.25,6804.1,1710.1
117,86.4,46.03,0.0,1.0,56.2,15.32,6850.1,1725.4
118,87.0,46.0,0.0,1.0,56.3,15.38,6896.1,1740.7
119,87.8,46.07,0.0,1.0,56.4,15.43,6942.2,1756.2
120,88.6,46.24,0.0,1.0,56.5,15.48,6988.4,1771.6
121,89.5,46.49,0.0,1.0,56.6,15.51,7034.9,1787.2
122,90.4,46.83,0.0,1.0,56.7,15.55,7081.7,1802.7
123,91.1,47.23,0.0,1.0,56.8,15.57,7129.0,1818.3
124,91.6,47.68,0.0,1.0,56.9,15.59,7176.6,1833.9
125,91.9,48.17,0.0,1.0,56.9,15.6,7224.8,1849.5
126,92.0,48.67,1.0,1.0,57.0,15.6,7273.5,1865.1
127,91.8,49.16,0.0,1.0,57.1,15.59,7322.6,1880.7
128,91.3,49.63,0.0,1.0,57.2,15.58,7372.3,1896.2
129,90.6,50.05,0.0,1.0,57.3,15.56,7422.3,1911.8
130,89.8,50.41,0.0,1.0,57.4,15.53,7472.7,1927.3
131,88.9,50.69,0.0,1.0,57.5,15.49,7523.4,1942.8
132,88.0,50.89,0.0,1.0,57.6,15.44,7574.3,1958.3
133,87.2,50.99,0.0,1.0,57.6,15.39,7625.3,1973.6
134,86.6,50.99,0.0,1.0,57.7,15.34,7676.3,1989.0
135,86.2,50.89,0.0,1.0,57.8,15.28,7727.2,2004.3
136,86.0,50.7,0.0,1.0,57.9,15.21,7777.9,2019.5
137,86.1,50.42,0.0,1.0,58.0,15.14,7828.3,2034.6
138,86.5,50.06,0.0,1.0,58.0,15.06,7878.3,2049.7
139,87.0,49.64,0.0,1.0,58.1,14.99,7928.0,2064.7
140,87.8,49.18,0.0,1.0,58.2,14.91,7977.2,2079.6
141,88.7,48.69,0.0,1.0,58.2,14.83,8025.8,2094.4
142,89.6,48.19,0.0,1.0,58.3,14.75,8074.0,2109.2
143,90.4,47.7,0.0,1.0,58.4,14.67,8121.7,2123.8
144,91.1,47.25,1.0,1.0,58.4,14.59,8169.0,2138.4
145,91.7,46.84,0.0,1.0,58.5,14.52,8215.8,2152.9
146,92.0,46.5,0.0,1.0,58.5,14.44,8262.3,2167.4
147,92.0,46.24,0.0,1.0,58.6,14.37,8308.6,2181.7
148,91.7,46.07,0.0,1.0,58.6,14.31,8354.6,2196.1
149,91.3,46.0,0.0,1.0,58.7,14.25,8400.6,2210.3
150,90.6,46.03,0.0,1.0,58.7,14.19,8446.7,2224.5
151,89.8,46.16,0.0,1.0,58.7,14.14,8492.8,2238.6
152,88.9,46.38,0.0,1.0,58.7,14.1,8539.2,2252.7
153,88.0,46.68,0.0,1.0,58.8,14.07,8585.9,2266.8
154,87.2,47.06,0.0,1.0,58.8,14.04,8632.9,2280.8
155,86.6,47.49,0.0,1.0,58.8,14.02,8680.4,2294.9
156,86.2,47.96,0.0,1.0,58.8,14.0,8728.4,2308.9
157,86.0,48.46,0.0,1.0,58.8,14.0,8776.8,2322.9
158,86.1,48.96,0.0,1.0,58.8,14.0,8825.8,2336.9
159,86.5,49.44,0.0,1.0,58.8,14.01,8875.2,2350.9
160,87.1,49.88,0.0,1.0,58.8,14.03,8925.1,2364.9
161,87.8,50.27,0.0,1.0,58.8,14.06,8975.4,2379.0
162,88.7,50.58,1.0,1.0,58.7,14.09,9026.0,2393.1
163,89.6,50.82,0.0,1.0,58.7,14.14,9076.8,2407.2
164,90.5,50.96,0.0,1.0,58.7,14.18,9127.7,2421.4
165,91.2,51.0,0.0,1.0,58.7,14.24,9178.7,2435.6
166,91.7,50.94,0.0,1.0,58.6,14.3,9229.7,2449.9
167,92.0,50.79,0.0,1.0,58.6,14.36,9280.5,2464.3
168,92.0,50.54,0.0,1.0,58.5,14.43,9331.0,2478.7
169,91.7,50.22,0.0,1.0,58.5,14.5,9381.2,2493.2
170,91.2,49.82,0.0,1.0,58.4,14.58,9431.1,2507.8
171,90.5,49.37,0.0,1.0,58.4,14.66,9480.4,2522.5
172,89.7,48.89,0.0,1.0,58.3,14.74,9529.3,2537.2
173,88.8,48.39,0.0,1.0,58.3,14.82,9577.7,2552.0
174,87.9,47.9,0.0,1.0,58.2,14.9,9625.6,2566.9
175,87.2,47.43,0.0,1.0,58.1,14.98,9673.0,2581.9
176,86.5,47.0,0.0,1.0,58.1,15.05,9720.1,2596.9
177,86.1,46.63,0.0,1.0,58.0,15.13,9766.7,2612.1
178,86.0,46.34,0.0,1.0,57.9,15.2,9813.0,2627.3
179,86.1,46.13,0.0,1.0,57.8,15.27,9859.2,2642.5
